sample,mean_particle_size_(mps),Std_dev_(mps),dispersity
156,566,72,0.127208481
156,539,200,0.371057514
156,222,70,0.315315315
156,272,152,0.558823529
156,172,116,0.674418605
156,89,24,0.269662921
156,552,216,0.391304348
156,262,101,0.385496183
159,0,0,#DIV/0!
159,423,147,0.34751773
159,334,219,0.655688623
159,290,77,0.265517241
159,719,100,0.139082058
159,0,0,#DIV/0!
